method,run,route_id,allocation
Uniform allocation,0,SYN-009,2
Uniform allocation,0,SYN-014,2
Uniform allocation,0,SYN-027,1
Uniform allocation,0,SYN-034,1
Uniform allocation,0,SYN-035,1
Uniform allocation,0,SYN-037,1
Uniform allocation,0,SYN-044,1
Uniform allocation,0,SYN-050,1
Vulnerability-proportional allocation,0,SYN-009,0
Vulnerability-proportional allocation,0,SYN-014,1
Vulnerability-proportional allocation,0,SYN-027,2
Vulnerability-proportional allocation,0,SYN-034,1
Vulnerability-proportional allocation,0,SYN-035,2
Vulnerability-proportional allocation,0,SYN-037,0
Vulnerability-proportional allocation,0,SYN-044,2
Vulnerability-proportional allocation,0,SYN-050,2
Greedy marginal allocation,0,SYN-009,0
Greedy marginal allocation,0,SYN-014,1
Greedy marginal allocation,0,SYN-027,1
Greedy marginal allocation,0,SYN-034,1
Greedy marginal allocation,0,SYN-035,1
Greedy marginal allocation,0,SYN-037,0
Greedy marginal allocation,0,SYN-044,2
Greedy marginal allocation,0,SYN-050,4
Elite-preserving stochastic search,1,SYN-009,0
Elite-preserving stochastic search,1,SYN-014,0
Elite-preserving stochastic search,1,SYN-027,1
Elite-preserving stochastic search,1,SYN-034,2
Elite-preserving stochastic search,1,SYN-035,1
Elite-preserving stochastic search,1,SYN-037,1
Elite-preserving stochastic search,1,SYN-044,2
Elite-preserving stochastic search,1,SYN-050,3
Random search,1,SYN-009,0
Random search,1,SYN-014,0
Random search,1,SYN-027,2
Random search,1,SYN-034,1
Random search,1,SYN-035,0
Random search,1,SYN-037,0
Random search,1,SYN-044,3
Random search,1,SYN-050,4
Elite-preserving stochastic search,2,SYN-009,0
Elite-preserving stochastic search,2,SYN-014,0
Elite-preserving stochastic search,2,SYN-027,3
Elite-preserving stochastic search,2,SYN-034,1
Elite-preserving stochastic search,2,SYN-035,0
Elite-preserving stochastic search,2,SYN-037,1
Elite-preserving stochastic search,2,SYN-044,2
Elite-preserving stochastic search,2,SYN-050,3
Random search,2,SYN-009,0
Random search,2,SYN-014,0
Random search,2,SYN-027,3
Random search,2,SYN-034,1
Random search,2,SYN-035,0
Random search,2,SYN-037,1
Random search,2,SYN-044,2
Random search,2,SYN-050,3
Elite-preserving stochastic search,3,SYN-009,0
Elite-preserving stochastic search,3,SYN-014,0
Elite-preserving stochastic search,3,SYN-027,1
Elite-preserving stochastic search,3,SYN-034,2
Elite-preserving stochastic search,3,SYN-035,1
Elite-preserving stochastic search,3,SYN-037,0
Elite-preserving stochastic search,3,SYN-044,3
Elite-preserving stochastic search,3,SYN-050,3
Random search,3,SYN-009,0
Random search,3,SYN-014,0
Random search,3,SYN-027,1
Random search,3,SYN-034,2
Random search,3,SYN-035,1
Random search,3,SYN-037,0
Random search,3,SYN-044,3
Random search,3,SYN-050,3
Elite-preserving stochastic search,4,SYN-009,0
Elite-preserving stochastic search,4,SYN-014,0
Elite-preserving stochastic search,4,SYN-027,1
Elite-preserving stochastic search,4,SYN-034,2
Elite-preserving stochastic search,4,SYN-035,1
Elite-preserving stochastic search,4,SYN-037,1
Elite-preserving stochastic search,4,SYN-044,2
Elite-preserving stochastic search,4,SYN-050,3
Random search,4,SYN-009,0
Random search,4,SYN-014,0
Random search,4,SYN-027,1
Random search,4,SYN-034,2
Random search,4,SYN-035,1
Random search,4,SYN-037,1
Random search,4,SYN-044,2
Random search,4,SYN-050,3
Elite-preserving stochastic search,5,SYN-009,0
Elite-preserving stochastic search,5,SYN-014,0
Elite-preserving stochastic search,5,SYN-027,2
Elite-preserving stochastic search,5,SYN-034,1
Elite-preserving stochastic search,5,SYN-035,1
Elite-preserving stochastic search,5,SYN-037,0
Elite-preserving stochastic search,5,SYN-044,3
Elite-preserving stochastic search,5,SYN-050,3
Random search,5,SYN-009,0
Random search,5,SYN-014,0
Random search,5,SYN-027,2
Random search,5,SYN-034,1
Random search,5,SYN-035,1
Random search,5,SYN-037,0
Random search,5,SYN-044,3
Random search,5,SYN-050,3
Elite-preserving stochastic search,6,SYN-009,1
Elite-preserving stochastic search,6,SYN-014,0
Elite-preserving stochastic search,6,SYN-027,2
Elite-preserving stochastic search,6,SYN-034,2
Elite-preserving stochastic search,6,SYN-035,0
Elite-preserving stochastic search,6,SYN-037,0
Elite-preserving stochastic search,6,SYN-044,2
Elite-preserving stochastic search,6,SYN-050,3
Random search,6,SYN-009,0
Random search,6,SYN-014,0
Random search,6,SYN-027,2
Random search,6,SYN-034,1
Random search,6,SYN-035,0
Random search,6,SYN-037,0
Random search,6,SYN-044,2
Random search,6,SYN-050,5
Elite-preserving stochastic search,7,SYN-009,0
Elite-preserving stochastic search,7,SYN-014,0
Elite-preserving stochastic search,7,SYN-027,1
Elite-preserving stochastic search,7,SYN-034,2
Elite-preserving stochastic search,7,SYN-035,0
Elite-preserving stochastic search,7,SYN-037,0
Elite-preserving stochastic search,7,SYN-044,3
Elite-preserving stochastic search,7,SYN-050,4
Random search,7,SYN-009,0
Random search,7,SYN-014,0
Random search,7,SYN-027,1
Random search,7,SYN-034,2
Random search,7,SYN-035,0
Random search,7,SYN-037,0
Random search,7,SYN-044,3
Random search,7,SYN-050,4
Elite-preserving stochastic search,8,SYN-009,0
Elite-preserving stochastic search,8,SYN-014,1
Elite-preserving stochastic search,8,SYN-027,1
Elite-preserving stochastic search,8,SYN-034,1
Elite-preserving stochastic search,8,SYN-035,0
Elite-preserving stochastic search,8,SYN-037,1
Elite-preserving stochastic search,8,SYN-044,2
Elite-preserving stochastic search,8,SYN-050,4
Random search,8,SYN-009,0
Random search,8,SYN-014,1
Random search,8,SYN-027,1
Random search,8,SYN-034,1
Random search,8,SYN-035,0
Random search,8,SYN-037,1
Random search,8,SYN-044,2
Random search,8,SYN-050,4
Elite-preserving stochastic search,9,SYN-009,0
Elite-preserving stochastic search,9,SYN-014,0
Elite-preserving stochastic search,9,SYN-027,1
Elite-preserving stochastic search,9,SYN-034,1
Elite-preserving stochastic search,9,SYN-035,0
Elite-preserving stochastic search,9,SYN-037,0
Elite-preserving stochastic search,9,SYN-044,3
Elite-preserving stochastic search,9,SYN-050,5
Random search,9,SYN-009,0
Random search,9,SYN-014,0
Random search,9,SYN-027,1
Random search,9,SYN-034,1
Random search,9,SYN-035,0
Random search,9,SYN-037,0
Random search,9,SYN-044,3
Random search,9,SYN-050,5
Elite-preserving stochastic search,10,SYN-009,0
Elite-preserving stochastic search,10,SYN-014,0
Elite-preserving stochastic search,10,SYN-027,2
Elite-preserving stochastic search,10,SYN-034,1
Elite-preserving stochastic search,10,SYN-035,0
Elite-preserving stochastic search,10,SYN-037,0
Elite-preserving stochastic search,10,SYN-044,2
Elite-preserving stochastic search,10,SYN-050,5
Random search,10,SYN-009,0
Random search,10,SYN-014,1
Random search,10,SYN-027,1
Random search,10,SYN-034,1
Random search,10,SYN-035,0
Random search,10,SYN-037,0
Random search,10,SYN-044,3
Random search,10,SYN-050,4
Elite-preserving stochastic search,11,SYN-009,0
Elite-preserving stochastic search,11,SYN-014,0
Elite-preserving stochastic search,11,SYN-027,2
Elite-preserving stochastic search,11,SYN-034,1
Elite-preserving stochastic search,11,SYN-035,0
Elite-preserving stochastic search,11,SYN-037,1
Elite-preserving stochastic search,11,SYN-044,2
Elite-preserving stochastic search,11,SYN-050,4
Random search,11,SYN-009,0
Random search,11,SYN-014,0
Random search,11,SYN-027,2
Random search,11,SYN-034,1
Random search,11,SYN-035,0
Random search,11,SYN-037,1
Random search,11,SYN-044,2
Random search,11,SYN-050,4
Elite-preserving stochastic search,12,SYN-009,0
Elite-preserving stochastic search,12,SYN-014,1
Elite-preserving stochastic search,12,SYN-027,1
Elite-preserving stochastic search,12,SYN-034,1
Elite-preserving stochastic search,12,SYN-035,0
Elite-preserving stochastic search,12,SYN-037,0
Elite-preserving stochastic search,12,SYN-044,3
Elite-preserving stochastic search,12,SYN-050,4
Random search,12,SYN-009,0
Random search,12,SYN-014,1
Random search,12,SYN-027,1
Random search,12,SYN-034,1
Random search,12,SYN-035,0
Random search,12,SYN-037,0
Random search,12,SYN-044,3
Random search,12,SYN-050,4
Elite-preserving stochastic search,13,SYN-009,0
Elite-preserving stochastic search,13,SYN-014,1
Elite-preserving stochastic search,13,SYN-027,2
Elite-preserving stochastic search,13,SYN-034,1
Elite-preserving stochastic search,13,SYN-035,1
Elite-preserving stochastic search,13,SYN-037,0
Elite-preserving stochastic search,13,SYN-044,2
Elite-preserving stochastic search,13,SYN-050,3
Random search,13,SYN-009,0
Random search,13,SYN-014,1
Random search,13,SYN-027,2
Random search,13,SYN-034,1
Random search,13,SYN-035,1
Random search,13,SYN-037,0
Random search,13,SYN-044,2
Random search,13,SYN-050,3
Elite-preserving stochastic search,14,SYN-009,1
Elite-preserving stochastic search,14,SYN-014,1
Elite-preserving stochastic search,14,SYN-027,1
Elite-preserving stochastic search,14,SYN-034,1
Elite-preserving stochastic search,14,SYN-035,0
Elite-preserving stochastic search,14,SYN-037,0
Elite-preserving stochastic search,14,SYN-044,3
Elite-preserving stochastic search,14,SYN-050,3
Random search,14,SYN-009,1
Random search,14,SYN-014,1
Random search,14,SYN-027,1
Random search,14,SYN-034,1
Random search,14,SYN-035,0
Random search,14,SYN-037,0
Random search,14,SYN-044,3
Random search,14,SYN-050,3
Elite-preserving stochastic search,15,SYN-009,0
Elite-preserving stochastic search,15,SYN-014,1
Elite-preserving stochastic search,15,SYN-027,1
Elite-preserving stochastic search,15,SYN-034,1
Elite-preserving stochastic search,15,SYN-035,0
Elite-preserving stochastic search,15,SYN-037,1
Elite-preserving stochastic search,15,SYN-044,2
Elite-preserving stochastic search,15,SYN-050,4
Random search,15,SYN-009,0
Random search,15,SYN-014,1
Random search,15,SYN-027,1
Random search,15,SYN-034,1
Random search,15,SYN-035,0
Random search,15,SYN-037,1
Random search,15,SYN-044,2
Random search,15,SYN-050,4
Elite-preserving stochastic search,16,SYN-009,0
Elite-preserving stochastic search,16,SYN-014,1
Elite-preserving stochastic search,16,SYN-027,1
Elite-preserving stochastic search,16,SYN-034,2
Elite-preserving stochastic search,16,SYN-035,1
Elite-preserving stochastic search,16,SYN-037,0
Elite-preserving stochastic search,16,SYN-044,2
Elite-preserving stochastic search,16,SYN-050,3
Random search,16,SYN-009,0
Random search,16,SYN-014,1
Random search,16,SYN-027,1
Random search,16,SYN-034,2
Random search,16,SYN-035,1
Random search,16,SYN-037,0
Random search,16,SYN-044,2
Random search,16,SYN-050,3
Elite-preserving stochastic search,17,SYN-009,0
Elite-preserving stochastic search,17,SYN-014,0
Elite-preserving stochastic search,17,SYN-027,1
Elite-preserving stochastic search,17,SYN-034,1
Elite-preserving stochastic search,17,SYN-035,1
Elite-preserving stochastic search,17,SYN-037,0
Elite-preserving stochastic search,17,SYN-044,4
Elite-preserving stochastic search,17,SYN-050,3
Random search,17,SYN-009,0
Random search,17,SYN-014,0
Random search,17,SYN-027,2
Random search,17,SYN-034,2
Random search,17,SYN-035,0
Random search,17,SYN-037,0
Random search,17,SYN-044,2
Random search,17,SYN-050,4
Elite-preserving stochastic search,18,SYN-009,0
Elite-preserving stochastic search,18,SYN-014,1
Elite-preserving stochastic search,18,SYN-027,1
Elite-preserving stochastic search,18,SYN-034,1
Elite-preserving stochastic search,18,SYN-035,1
Elite-preserving stochastic search,18,SYN-037,0
Elite-preserving stochastic search,18,SYN-044,3
Elite-preserving stochastic search,18,SYN-050,3
Random search,18,SYN-009,0
Random search,18,SYN-014,1
Random search,18,SYN-027,1
Random search,18,SYN-034,1
Random search,18,SYN-035,1
Random search,18,SYN-037,0
Random search,18,SYN-044,3
Random search,18,SYN-050,3
Elite-preserving stochastic search,19,SYN-009,0
Elite-preserving stochastic search,19,SYN-014,1
Elite-preserving stochastic search,19,SYN-027,1
Elite-preserving stochastic search,19,SYN-034,1
Elite-preserving stochastic search,19,SYN-035,0
Elite-preserving stochastic search,19,SYN-037,1
Elite-preserving stochastic search,19,SYN-044,3
Elite-preserving stochastic search,19,SYN-050,3
Random search,19,SYN-009,0
Random search,19,SYN-014,1
Random search,19,SYN-027,1
Random search,19,SYN-034,1
Random search,19,SYN-035,0
Random search,19,SYN-037,1
Random search,19,SYN-044,3
Random search,19,SYN-050,3
Elite-preserving stochastic search,20,SYN-009,0
Elite-preserving stochastic search,20,SYN-014,0
Elite-preserving stochastic search,20,SYN-027,2
Elite-preserving stochastic search,20,SYN-034,2
Elite-preserving stochastic search,20,SYN-035,0
Elite-preserving stochastic search,20,SYN-037,0
Elite-preserving stochastic search,20,SYN-044,3
Elite-preserving stochastic search,20,SYN-050,3
Random search,20,SYN-009,0
Random search,20,SYN-014,0
Random search,20,SYN-027,2
Random search,20,SYN-034,2
Random search,20,SYN-035,0
Random search,20,SYN-037,0
Random search,20,SYN-044,3
Random search,20,SYN-050,3
Elite-preserving stochastic search,21,SYN-009,0
Elite-preserving stochastic search,21,SYN-014,1
Elite-preserving stochastic search,21,SYN-027,2
Elite-preserving stochastic search,21,SYN-034,1
Elite-preserving stochastic search,21,SYN-035,1
Elite-preserving stochastic search,21,SYN-037,0
Elite-preserving stochastic search,21,SYN-044,2
Elite-preserving stochastic search,21,SYN-050,3
Random search,21,SYN-009,0
Random search,21,SYN-014,1
Random search,21,SYN-027,2
Random search,21,SYN-034,1
Random search,21,SYN-035,1
Random search,21,SYN-037,0
Random search,21,SYN-044,2
Random search,21,SYN-050,3
Elite-preserving stochastic search,22,SYN-009,0
Elite-preserving stochastic search,22,SYN-014,1
Elite-preserving stochastic search,22,SYN-027,1
Elite-preserving stochastic search,22,SYN-034,1
Elite-preserving stochastic search,22,SYN-035,0
Elite-preserving stochastic search,22,SYN-037,0
Elite-preserving stochastic search,22,SYN-044,3
Elite-preserving stochastic search,22,SYN-050,4
Random search,22,SYN-009,0
Random search,22,SYN-014,1
Random search,22,SYN-027,1
Random search,22,SYN-034,1
Random search,22,SYN-035,0
Random search,22,SYN-037,0
Random search,22,SYN-044,3
Random search,22,SYN-050,4
Elite-preserving stochastic search,23,SYN-009,0
Elite-preserving stochastic search,23,SYN-014,1
Elite-preserving stochastic search,23,SYN-027,1
Elite-preserving stochastic search,23,SYN-034,1
Elite-preserving stochastic search,23,SYN-035,1
Elite-preserving stochastic search,23,SYN-037,0
Elite-preserving stochastic search,23,SYN-044,3
Elite-preserving stochastic search,23,SYN-050,3
Random search,23,SYN-009,0
Random search,23,SYN-014,1
Random search,23,SYN-027,1
Random search,23,SYN-034,1
Random search,23,SYN-035,1
Random search,23,SYN-037,0
Random search,23,SYN-044,3
Random search,23,SYN-050,3
Elite-preserving stochastic search,24,SYN-009,0
Elite-preserving stochastic search,24,SYN-014,0
Elite-preserving stochastic search,24,SYN-027,1
Elite-preserving stochastic search,24,SYN-034,1
Elite-preserving stochastic search,24,SYN-035,2
Elite-preserving stochastic search,24,SYN-037,0
Elite-preserving stochastic search,24,SYN-044,2
Elite-preserving stochastic search,24,SYN-050,4
Random search,24,SYN-009,0
Random search,24,SYN-014,1
Random search,24,SYN-027,1
Random search,24,SYN-034,1
Random search,24,SYN-035,1
Random search,24,SYN-037,1
Random search,24,SYN-044,2
Random search,24,SYN-050,3
Elite-preserving stochastic search,25,SYN-009,0
Elite-preserving stochastic search,25,SYN-014,2
Elite-preserving stochastic search,25,SYN-027,1
Elite-preserving stochastic search,25,SYN-034,2
Elite-preserving stochastic search,25,SYN-035,0
Elite-preserving stochastic search,25,SYN-037,0
Elite-preserving stochastic search,25,SYN-044,2
Elite-preserving stochastic search,25,SYN-050,3
Random search,25,SYN-009,0
Random search,25,SYN-014,2
Random search,25,SYN-027,1
Random search,25,SYN-034,2
Random search,25,SYN-035,0
Random search,25,SYN-037,0
Random search,25,SYN-044,2
Random search,25,SYN-050,3
Elite-preserving stochastic search,26,SYN-009,0
Elite-preserving stochastic search,26,SYN-014,0
Elite-preserving stochastic search,26,SYN-027,2
Elite-preserving stochastic search,26,SYN-034,1
Elite-preserving stochastic search,26,SYN-035,1
Elite-preserving stochastic search,26,SYN-037,1
Elite-preserving stochastic search,26,SYN-044,2
Elite-preserving stochastic search,26,SYN-050,3
Random search,26,SYN-009,0
Random search,26,SYN-014,0
Random search,26,SYN-027,2
Random search,26,SYN-034,1
Random search,26,SYN-035,1
Random search,26,SYN-037,1
Random search,26,SYN-044,2
Random search,26,SYN-050,3
Elite-preserving stochastic search,27,SYN-009,0
Elite-preserving stochastic search,27,SYN-014,1
Elite-preserving stochastic search,27,SYN-027,2
Elite-preserving stochastic search,27,SYN-034,1
Elite-preserving stochastic search,27,SYN-035,0
Elite-preserving stochastic search,27,SYN-037,0
Elite-preserving stochastic search,27,SYN-044,2
Elite-preserving stochastic search,27,SYN-050,4
Random search,27,SYN-009,0
Random search,27,SYN-014,1
Random search,27,SYN-027,2
Random search,27,SYN-034,1
Random search,27,SYN-035,0
Random search,27,SYN-037,0
Random search,27,SYN-044,2
Random search,27,SYN-050,4
Elite-preserving stochastic search,28,SYN-009,0
Elite-preserving stochastic search,28,SYN-014,1
Elite-preserving stochastic search,28,SYN-027,1
Elite-preserving stochastic search,28,SYN-034,2
Elite-preserving stochastic search,28,SYN-035,0
Elite-preserving stochastic search,28,SYN-037,0
Elite-preserving stochastic search,28,SYN-044,2
Elite-preserving stochastic search,28,SYN-050,4
Random search,28,SYN-009,0
Random search,28,SYN-014,1
Random search,28,SYN-027,1
Random search,28,SYN-034,2
Random search,28,SYN-035,0
Random search,28,SYN-037,0
Random search,28,SYN-044,2
Random search,28,SYN-050,4
Elite-preserving stochastic search,29,SYN-009,0
Elite-preserving stochastic search,29,SYN-014,1
Elite-preserving stochastic search,29,SYN-027,2
Elite-preserving stochastic search,29,SYN-034,1
Elite-preserving stochastic search,29,SYN-035,1
Elite-preserving stochastic search,29,SYN-037,0
Elite-preserving stochastic search,29,SYN-044,2
Elite-preserving stochastic search,29,SYN-050,3
Random search,29,SYN-009,0
Random search,29,SYN-014,1
Random search,29,SYN-027,2
Random search,29,SYN-034,1
Random search,29,SYN-035,1
Random search,29,SYN-037,0
Random search,29,SYN-044,2
Random search,29,SYN-050,3
Elite-preserving stochastic search,30,SYN-009,0
Elite-preserving stochastic search,30,SYN-014,0
Elite-preserving stochastic search,30,SYN-027,1
Elite-preserving stochastic search,30,SYN-034,2
Elite-preserving stochastic search,30,SYN-035,1
Elite-preserving stochastic search,30,SYN-037,1
Elite-preserving stochastic search,30,SYN-044,2
Elite-preserving stochastic search,30,SYN-050,3
Random search,30,SYN-009,0
Random search,30,SYN-014,1
Random search,30,SYN-027,1
Random search,30,SYN-034,1
Random search,30,SYN-035,1
Random search,30,SYN-037,0
Random search,30,SYN-044,3
Random search,30,SYN-050,3
